origin_id,destination_id,entry_cost,network_cost,exit_cost,total_cost
Itatí,Itatí,,0.0000000,,
Itatí,San Cosme,3757.0961973,17957.9762212,5132.2474453,26847.3198638
Itatí,Corrientes,3757.0961973,17957.9762212,5132.2474453,26847.3198638
Itatí,San Antonio de Itatí,3757.0961973,17957.9762212,5132.2474453,26847.3198638
Itatí,"San Luis del Palmar
",3757.0961973,17957.9762212,5132.2474453,26847.3198638
Itatí,Ituzaingó,3757.0961973,17957.9762212,5132.2474453,26847.3198638
Itatí,Caá Catí,3757.0961973,17957.9762212,5132.2474453,26847.3198638
Itatí,Empedrado,3757.0961973,17957.9762212,5132.2474453,26847.3198638
Itatí,Mburucuyá,3757.0961973,17957.9762212,5132.2474453,26847.3198638
Itatí,San Miguel,3757.0961973,17957.9762212,5132.2474453,26847.3198638
Itatí,Santo Tomé,3757.0961973,17957.9762212,5132.2474453,26847.3198638
Itatí,Saladas,3757.0961973,17957.9762212,5132.2474453,26847.3198638
Itatí,Concepción,3757.0961973,17957.9762212,5132.2474453,26847.3198638
Itatí,Bella Vista,3757.0961973,17957.9762212,5132.2474453,26847.3198638
Itatí,San Roque,3757.0961973,17957.9762212,5132.2474453,26847.3198638
Itatí,Santa Lucía,3757.0961973,17957.9762212,5132.2474453,26847.3198638
Itatí,Alvear,3757.0961973,17957.9762212,5132.2474453,26847.3198638
Itatí,La Cruz,3757.0961973,17957.9762212,5132.2474453,26847.3198638
Itatí,Mercedes,3757.0961973,17957.9762212,5132.2474453,26847.3198638
Itatí,Goya,3757.0961973,17957.9762212,5132.2474453,26847.3198638
Itatí,Curuzú Cuatiá,3757.0961973,17957.9762212,5132.2474453,26847.3198638
Itatí,Esquina,3757.0961973,17957.9762212,5132.2474453,26847.3198638
Itatí,Sauce,3757.0961973,17957.9762212,5132.2474453,26847.3198638
Itatí,Paso de los Libres,3757.0961973,17957.9762212,5132.2474453,26847.3198638
Itatí,Monte Caseros,3757.0961973,17957.9762212,5132.2474453,26847.3198638
San Cosme,Itatí,5132.2474453,17957.9762212,3757.0961973,26847.3198638
San Cosme,San Cosme,5132.2474453,0.0000000,3757.0961973,26847.3198638
San Cosme,Corrientes,5132.2474453,0.0000000,3757.0961973,26847.3198638
San Cosme,San Antonio de Itatí,5132.2474453,0.0000000,3757.0961973,26847.3198638
San Cosme,"San Luis del Palmar
",5132.2474453,0.0000000,3757.0961973,26847.3198638
San Cosme,Ituzaingó,5132.2474453,0.0000000,3757.0961973,26847.3198638
San Cosme,Caá Catí,5132.2474453,0.0000000,3757.0961973,26847.3198638
San Cosme,Empedrado,5132.2474453,0.0000000,3757.0961973,26847.3198638
San Cosme,Mburucuyá,5132.2474453,0.0000000,3757.0961973,26847.3198638
San Cosme,San Miguel,5132.2474453,0.0000000,3757.0961973,26847.3198638
San Cosme,Santo Tomé,5132.2474453,0.0000000,3757.0961973,26847.3198638
San Cosme,Saladas,5132.2474453,0.0000000,3757.0961973,26847.3198638
San Cosme,Concepción,5132.2474453,0.0000000,3757.0961973,26847.3198638
San Cosme,Bella Vista,5132.2474453,0.0000000,3757.0961973,26847.3198638
San Cosme,San Roque,5132.2474453,0.0000000,3757.0961973,26847.3198638
San Cosme,Santa Lucía,5132.2474453,0.0000000,3757.0961973,26847.3198638
San Cosme,Alvear,5132.2474453,0.0000000,3757.0961973,26847.3198638
San Cosme,La Cruz,5132.2474453,0.0000000,3757.0961973,26847.3198638
San Cosme,Mercedes,5132.2474453,0.0000000,3757.0961973,26847.3198638
San Cosme,Goya,5132.2474453,0.0000000,3757.0961973,26847.3198638
San Cosme,Curuzú Cuatiá,5132.2474453,0.0000000,3757.0961973,26847.3198638
San Cosme,Esquina,5132.2474453,0.0000000,3757.0961973,26847.3198638
San Cosme,Sauce,5132.2474453,0.0000000,3757.0961973,26847.3198638
San Cosme,Paso de los Libres,5132.2474453,0.0000000,3757.0961973,26847.3198638
San Cosme,Monte Caseros,5132.2474453,0.0000000,3757.0961973,26847.3198638
Corrientes,Itatí,5132.2474453,0.0000000,3757.0961973,26847.3198638
Corrientes,San Cosme,5132.2474453,0.0000000,3757.0961973,26847.3198638
Corrientes,Corrientes,5132.2474453,0.0000000,3757.0961973,26847.3198638
Corrientes,San Antonio de Itatí,661.3488328,137567.7620675,6149.4889826,144378.5998830
Corrientes,"San Luis del Palmar
",661.3488328,27270.7527259,15395.6224774,43327.7240362
Corrientes,Ituzaingó,661.3488328,225752.6267515,2347.1649342,228761.1405185
Corrientes,Caá Catí,661.3488328,225752.6267515,2347.1649342,228761.1405185
Corrientes,Empedrado,661.3488328,52260.5568334,2558.5208338,55480.4264999
Corrientes,Mburucuyá,661.3488328,52260.5568334,2558.5208338,55480.4264999
Corrientes,San Miguel,661.3488328,52260.5568334,2558.5208338,55480.4264999
Corrientes,Santo Tomé,661.3488328,52260.5568334,2558.5208338,55480.4264999
Corrientes,Saladas,661.3488328,52260.5568334,2558.5208338,55480.4264999
Corrientes,Concepción,661.3488328,52260.5568334,2558.5208338,55480.4264999
Corrientes,Bella Vista,661.3488328,52260.5568334,2558.5208338,55480.4264999
Corrientes,San Roque,661.3488328,126736.2753679,3237.7114814,130635.3356821
Corrientes,Santa Lucía,661.3488328,126736.2753679,3237.7114814,130635.3356821
Corrientes,Alvear,661.3488328,126736.2753679,3237.7114814,130635.3356821
Corrientes,La Cruz,661.3488328,126736.2753679,3237.7114814,130635.3356821
Corrientes,Mercedes,661.3488328,126736.2753679,3237.7114814,130635.3356821
Corrientes,Goya,661.3488328,234203.6430013,17.2787801,234882.2706142
Corrientes,Curuzú Cuatiá,661.3488328,234203.6430013,17.2787801,234882.2706142
Corrientes,Esquina,661.3488328,343333.2967325,2500.0366667,346494.6822321
Corrientes,Sauce,661.3488328,743769.6269997,51309.5481680,795740.5240005
Corrientes,Paso de los Libres,661.3488328,743769.6269997,51309.5481680,795740.5240005
Corrientes,Monte Caseros,661.3488328,743769.6269997,51309.5481680,795740.5240005
San Antonio de Itatí,Itatí,661.3488328,743769.6269997,51309.5481680,795740.5240005
San Antonio de Itatí,San Cosme,661.3488328,743769.6269997,51309.5481680,795740.5240005
San Antonio de Itatí,Corrientes,6149.4889826,137567.7620675,661.3488328,144378.5998830
San Antonio de Itatí,San Antonio de Itatí,6149.4889826,0.0000000,661.3488328,144378.5998830
San Antonio de Itatí,"San Luis del Palmar
",6149.4889826,110297.0093416,15395.6224774,131842.1208017
San Antonio de Itatí,Ituzaingó,6149.4889826,88184.8646839,2347.1649342,96681.5186008
San Antonio de Itatí,Caá Catí,6149.4889826,88184.8646839,2347.1649342,96681.5186008
San Antonio de Itatí,Empedrado,6149.4889826,189828.3189009,2558.5208338,198536.3287173
San Antonio de Itatí,Mburucuyá,6149.4889826,189828.3189009,2558.5208338,198536.3287173
San Antonio de Itatí,San Miguel,6149.4889826,189828.3189009,2558.5208338,198536.3287173
San Antonio de Itatí,Santo Tomé,6149.4889826,189828.3189009,2558.5208338,198536.3287173
San Antonio de Itatí,Saladas,6149.4889826,189828.3189009,2558.5208338,198536.3287173
San Antonio de Itatí,Concepción,6149.4889826,189828.3189009,2558.5208338,198536.3287173
San Antonio de Itatí,Bella Vista,6149.4889826,189828.3189009,2558.5208338,198536.3287173
San Antonio de Itatí,San Roque,6149.4889826,264304.0374355,3237.7114814,273691.2378995
San Antonio de Itatí,Santa Lucía,6149.4889826,264304.0374355,3237.7114814,273691.2378995
San Antonio de Itatí,Alvear,6149.4889826,264304.0374355,3237.7114814,273691.2378995
San Antonio de Itatí,La Cruz,6149.4889826,264304.0374355,3237.7114814,273691.2378995
San Antonio de Itatí,Mercedes,6149.4889826,264304.0374355,3237.7114814,273691.2378995
San Antonio de Itatí,Goya,6149.4889826,371771.4050688,17.2787801,377938.1728316
San Antonio de Itatí,Curuzú Cuatiá,6149.4889826,371771.4050688,17.2787801,377938.1728316
San Antonio de Itatí,Esquina,6149.4889826,480901.0588001,2500.0366667,489550.5844494
San Antonio de Itatí,Sauce,6149.4889826,881337.3890672,51309.5481680,938796.4262178
San Antonio de Itatí,Paso de los Libres,6149.4889826,881337.3890672,51309.5481680,938796.4262178
San Antonio de Itatí,Monte Caseros,6149.4889826,881337.3890672,51309.5481680,938796.4262178
"San Luis del Palmar
",Itatí,6149.4889826,881337.3890672,51309.5481680,938796.4262178
"San Luis del Palmar
",San Cosme,6149.4889826,881337.3890672,51309.5481680,938796.4262178
"San Luis del Palmar
",Corrientes,15395.6224774,27270.7527259,661.3488328,43327.7240362
"San Luis del Palmar
",San Antonio de Itatí,15395.6224774,110297.0093416,6149.4889826,131842.1208017
"San Luis del Palmar
","San Luis del Palmar
",15395.6224774,0.0000000,6149.4889826,131842.1208017
"San Luis del Palmar
",Ituzaingó,15395.6224774,198481.8740255,2347.1649342,216224.6614372
"San Luis del Palmar
",Caá Catí,15395.6224774,198481.8740255,2347.1649342,216224.6614372
"San Luis del Palmar
",Empedrado,15395.6224774,79531.3095593,2558.5208338,97485.4528705
"San Luis del Palmar
",Mburucuyá,15395.6224774,79531.3095593,2558.5208338,97485.4528705
"San Luis del Palmar
",San Miguel,15395.6224774,79531.3095593,2558.5208338,97485.4528705
"San Luis del Palmar
",Santo Tomé,15395.6224774,79531.3095593,2558.5208338,97485.4528705
"San Luis del Palmar
",Saladas,15395.6224774,79531.3095593,2558.5208338,97485.4528705
"San Luis del Palmar
",Concepción,15395.6224774,79531.3095593,2558.5208338,97485.4528705
"San Luis del Palmar
",Bella Vista,15395.6224774,79531.3095593,2558.5208338,97485.4528705
"San Luis del Palmar
",San Roque,15395.6224774,154007.0280939,3237.7114814,172640.3620527
"San Luis del Palmar
",Santa Lucía,15395.6224774,154007.0280939,3237.7114814,172640.3620527
"San Luis del Palmar
",Alvear,15395.6224774,154007.0280939,3237.7114814,172640.3620527
"San Luis del Palmar
",La Cruz,15395.6224774,154007.0280939,3237.7114814,172640.3620527
"San Luis del Palmar
",Mercedes,15395.6224774,154007.0280939,3237.7114814,172640.3620527
"San Luis del Palmar
",Goya,15395.6224774,261474.3957272,17.2787801,276887.2969848
"San Luis del Palmar
",Curuzú Cuatiá,15395.6224774,261474.3957272,17.2787801,276887.2969848
"San Luis del Palmar
",Esquina,15395.6224774,370604.0494585,2500.0366667,388499.7086026
"San Luis del Palmar
",Sauce,15395.6224774,771040.3797256,51309.5481680,837745.5503711
"San Luis del Palmar
",Paso de los Libres,15395.6224774,771040.3797256,51309.5481680,837745.5503711
"San Luis del Palmar
",Monte Caseros,15395.6224774,771040.3797256,51309.5481680,837745.5503711
Ituzaingó,Itatí,15395.6224774,771040.3797256,51309.5481680,837745.5503711
Ituzaingó,San Cosme,15395.6224774,771040.3797256,51309.5481680,837745.5503711
Ituzaingó,Corrientes,2347.1649342,225752.6267515,661.3488328,228761.1405185
Ituzaingó,San Antonio de Itatí,2347.1649342,88184.8646839,6149.4889826,96681.5186008
Ituzaingó,"San Luis del Palmar
",2347.1649342,198481.8740255,15395.6224774,216224.6614372
Ituzaingó,Ituzaingó,2347.1649342,0.0000000,15395.6224774,216224.6614372
Ituzaingó,Caá Catí,2347.1649342,0.0000000,15395.6224774,216224.6614372
Ituzaingó,Empedrado,2347.1649342,278013.1835849,2558.5208338,282918.8693528
Ituzaingó,Mburucuyá,2347.1649342,278013.1835849,2558.5208338,282918.8693528
Ituzaingó,San Miguel,2347.1649342,278013.1835849,2558.5208338,282918.8693528
Ituzaingó,Santo Tomé,2347.1649342,278013.1835849,2558.5208338,282918.8693528
Ituzaingó,Saladas,2347.1649342,278013.1835849,2558.5208338,282918.8693528
Ituzaingó,Concepción,2347.1649342,278013.1835849,2558.5208338,282918.8693528
Ituzaingó,Bella Vista,2347.1649342,278013.1835849,2558.5208338,282918.8693528
Ituzaingó,San Roque,2347.1649342,352488.9021194,3237.7114814,358073.7785350
Ituzaingó,Santa Lucía,2347.1649342,352488.9021194,3237.7114814,358073.7785350
Ituzaingó,Alvear,2347.1649342,352488.9021194,3237.7114814,358073.7785350
Ituzaingó,La Cruz,2347.1649342,352488.9021194,3237.7114814,358073.7785350
Ituzaingó,Mercedes,2347.1649342,352488.9021194,3237.7114814,358073.7785350
Ituzaingó,Goya,2347.1649342,459956.2697527,17.2787801,462320.7134671
Ituzaingó,Curuzú Cuatiá,2347.1649342,459956.2697527,17.2787801,462320.7134671
Ituzaingó,Esquina,2347.1649342,569085.9234840,2500.0366667,573933.1250850
Ituzaingó,Sauce,2347.1649342,969522.2537511,51309.5481680,1023178.9668534
Ituzaingó,Paso de los Libres,2347.1649342,969522.2537511,51309.5481680,1023178.9668534
Ituzaingó,Monte Caseros,2347.1649342,969522.2537511,51309.5481680,1023178.9668534
Caá Catí,Itatí,2347.1649342,969522.2537511,51309.5481680,1023178.9668534
Caá Catí,San Cosme,2347.1649342,969522.2537511,51309.5481680,1023178.9668534
Caá Catí,Corrientes,2347.1649342,969522.2537511,51309.5481680,1023178.9668534
Caá Catí,San Antonio de Itatí,2347.1649342,969522.2537511,51309.5481680,1023178.9668534
Caá Catí,"San Luis del Palmar
",2347.1649342,969522.2537511,51309.5481680,1023178.9668534
Caá Catí,Ituzaingó,2347.1649342,969522.2537511,51309.5481680,1023178.9668534
Caá Catí,Caá Catí,2347.1649342,0.0000000,51309.5481680,1023178.9668534
Caá Catí,Empedrado,2347.1649342,0.0000000,51309.5481680,1023178.9668534
Caá Catí,Mburucuyá,20799.1021373,80890.0775579,24769.9377545,126459.1174496
Caá Catí,San Miguel,20799.1021373,80890.0775579,24769.9377545,126459.1174496
Caá Catí,Santo Tomé,20799.1021373,80890.0775579,24769.9377545,126459.1174496
Caá Catí,Saladas,20799.1021373,129017.4419967,4929.2963365,154745.8404705
Caá Catí,Concepción,20799.1021373,129017.4419967,4929.2963365,154745.8404705
Caá Catí,Bella Vista,20799.1021373,129017.4419967,4929.2963365,154745.8404705
Caá Catí,San Roque,20799.1021373,129017.4419967,4929.2963365,154745.8404705
Caá Catí,Santa Lucía,20799.1021373,129017.4419967,4929.2963365,154745.8404705
Caá Catí,Alvear,20799.1021373,129017.4419967,4929.2963365,154745.8404705
Caá Catí,La Cruz,20799.1021373,129017.4419967,4929.2963365,154745.8404705
Caá Catí,Mercedes,20799.1021373,129017.4419967,4929.2963365,154745.8404705
Caá Catí,Goya,20799.1021373,129017.4419967,4929.2963365,154745.8404705
Caá Catí,Curuzú Cuatiá,20799.1021373,129017.4419967,4929.2963365,154745.8404705
Caá Catí,Esquina,20799.1021373,129017.4419967,4929.2963365,154745.8404705
Caá Catí,Sauce,20799.1021373,129017.4419967,4929.2963365,154745.8404705
Caá Catí,Paso de los Libres,20799.1021373,129017.4419967,4929.2963365,154745.8404705
Caá Catí,Monte Caseros,20799.1021373,129017.4419967,4929.2963365,154745.8404705
Empedrado,Itatí,20799.1021373,129017.4419967,4929.2963365,154745.8404705
Empedrado,San Cosme,20799.1021373,129017.4419967,4929.2963365,154745.8404705
Empedrado,Corrientes,2558.5208338,52260.5568334,661.3488328,55480.4264999
Empedrado,San Antonio de Itatí,2558.5208338,189828.3189009,6149.4889826,198536.3287173
Empedrado,"San Luis del Palmar
",2558.5208338,79531.3095593,15395.6224774,97485.4528705
Empedrado,Ituzaingó,2558.5208338,278013.1835848,2347.1649342,282918.8693528
Empedrado,Caá Catí,2558.5208338,278013.1835848,2347.1649342,282918.8693528
Empedrado,Empedrado,2558.5208338,0.0000000,2347.1649342,282918.8693528
Empedrado,Mburucuyá,2558.5208338,0.0000000,2347.1649342,282918.8693528
Empedrado,San Miguel,2558.5208338,0.0000000,2347.1649342,282918.8693528
Empedrado,Santo Tomé,2558.5208338,0.0000000,2347.1649342,282918.8693528
Empedrado,Saladas,2558.5208338,0.0000000,2347.1649342,282918.8693528
Empedrado,Concepción,2558.5208338,0.0000000,2347.1649342,282918.8693528
Empedrado,Bella Vista,2558.5208338,0.0000000,2347.1649342,282918.8693528
Empedrado,San Roque,2558.5208338,74475.7185346,3237.7114814,80271.9508497
Empedrado,Santa Lucía,2558.5208338,74475.7185346,3237.7114814,80271.9508497
Empedrado,Alvear,2558.5208338,74475.7185346,3237.7114814,80271.9508497
Empedrado,La Cruz,2558.5208338,74475.7185346,3237.7114814,80271.9508497
Empedrado,Mercedes,2558.5208338,74475.7185346,3237.7114814,80271.9508497
Empedrado,Goya,2558.5208338,181943.0861679,17.2787801,184518.8857818
Empedrado,Curuzú Cuatiá,2558.5208338,181943.0861679,17.2787801,184518.8857818
Empedrado,Esquina,2558.5208338,291072.7398992,2500.0366667,296131.2973996
Empedrado,Sauce,2558.5208338,691509.0701663,51309.5481680,745377.1391681
Empedrado,Paso de los Libres,2558.5208338,691509.0701663,51309.5481680,745377.1391681
Empedrado,Monte Caseros,2558.5208338,691509.0701663,51309.5481680,745377.1391681
Mburucuyá,Itatí,2558.5208338,691509.0701663,51309.5481680,745377.1391681
Mburucuyá,San Cosme,2558.5208338,691509.0701663,51309.5481680,745377.1391681
Mburucuyá,Corrientes,2558.5208338,691509.0701663,51309.5481680,745377.1391681
Mburucuyá,San Antonio de Itatí,2558.5208338,691509.0701663,51309.5481680,745377.1391681
Mburucuyá,"San Luis del Palmar
",2558.5208338,691509.0701663,51309.5481680,745377.1391681
Mburucuyá,Ituzaingó,2558.5208338,691509.0701663,51309.5481680,745377.1391681
Mburucuyá,Caá Catí,24769.9377545,80890.0775579,20799.1021373,126459.1174496
Mburucuyá,Empedrado,24769.9377545,80890.0775579,20799.1021373,126459.1174496
Mburucuyá,Mburucuyá,24769.9377545,0.0000000,20799.1021373,126459.1174496
Mburucuyá,San Miguel,24769.9377545,0.0000000,20799.1021373,126459.1174496
Mburucuyá,Santo Tomé,24769.9377545,0.0000000,20799.1021373,126459.1174496
Mburucuyá,Saladas,24769.9377545,48127.3644388,4929.2963365,77826.5985298
Mburucuyá,Concepción,24769.9377545,48127.3644388,4929.2963365,77826.5985298
Mburucuyá,Bella Vista,24769.9377545,48127.3644388,4929.2963365,77826.5985298
Mburucuyá,San Roque,24769.9377545,48127.3644388,4929.2963365,77826.5985298
Mburucuyá,Santa Lucía,24769.9377545,48127.3644388,4929.2963365,77826.5985298
Mburucuyá,Alvear,24769.9377545,48127.3644388,4929.2963365,77826.5985298
Mburucuyá,La Cruz,24769.9377545,48127.3644388,4929.2963365,77826.5985298
Mburucuyá,Mercedes,24769.9377545,48127.3644388,4929.2963365,77826.5985298
Mburucuyá,Goya,24769.9377545,48127.3644388,4929.2963365,77826.5985298
Mburucuyá,Curuzú Cuatiá,24769.9377545,48127.3644388,4929.2963365,77826.5985298
Mburucuyá,Esquina,24769.9377545,48127.3644388,4929.2963365,77826.5985298
Mburucuyá,Sauce,24769.9377545,48127.3644388,4929.2963365,77826.5985298
Mburucuyá,Paso de los Libres,24769.9377545,48127.3644388,4929.2963365,77826.5985298
Mburucuyá,Monte Caseros,24769.9377545,48127.3644388,4929.2963365,77826.5985298
San Miguel,Itatí,24769.9377545,48127.3644388,4929.2963365,77826.5985298
San Miguel,San Cosme,24769.9377545,48127.3644388,4929.2963365,77826.5985298
San Miguel,Corrientes,24769.9377545,48127.3644388,4929.2963365,77826.5985298
San Miguel,San Antonio de Itatí,24769.9377545,48127.3644388,4929.2963365,77826.5985298
San Miguel,"San Luis del Palmar
",24769.9377545,48127.3644388,4929.2963365,77826.5985298
San Miguel,Ituzaingó,24769.9377545,48127.3644388,4929.2963365,77826.5985298
San Miguel,Caá Catí,24769.9377545,48127.3644388,4929.2963365,77826.5985298
San Miguel,Empedrado,24769.9377545,48127.3644388,4929.2963365,77826.5985298
San Miguel,Mburucuyá,24769.9377545,48127.3644388,4929.2963365,77826.5985298
San Miguel,San Miguel,24769.9377545,0.0000000,4929.2963365,77826.5985298
San Miguel,Santo Tomé,24769.9377545,0.0000000,4929.2963365,77826.5985298
San Miguel,Saladas,24769.9377545,0.0000000,4929.2963365,77826.5985298
San Miguel,Concepción,1527.5576258,51159.7066291,24111.8148964,76799.0791513
San Miguel,Bella Vista,1527.5576258,51159.7066291,24111.8148964,76799.0791513
San Miguel,San Roque,1527.5576258,51159.7066291,24111.8148964,76799.0791513
San Miguel,Santa Lucía,1527.5576258,51159.7066291,24111.8148964,76799.0791513
San Miguel,Alvear,1527.5576258,51159.7066291,24111.8148964,76799.0791513
San Miguel,La Cruz,1527.5576258,51159.7066291,24111.8148964,76799.0791513
San Miguel,Mercedes,1527.5576258,51159.7066291,24111.8148964,76799.0791513
San Miguel,Goya,1527.5576258,51159.7066291,24111.8148964,76799.0791513
San Miguel,Curuzú Cuatiá,1527.5576258,51159.7066291,24111.8148964,76799.0791513
San Miguel,Esquina,1527.5576258,51159.7066291,24111.8148964,76799.0791513
San Miguel,Sauce,1527.5576258,51159.7066291,24111.8148964,76799.0791513
San Miguel,Paso de los Libres,1527.5576258,51159.7066291,24111.8148964,76799.0791513
San Miguel,Monte Caseros,1527.5576258,51159.7066291,24111.8148964,76799.0791513
Santo Tomé,Itatí,1527.5576258,51159.7066291,24111.8148964,76799.0791513
Santo Tomé,San Cosme,1527.5576258,51159.7066291,24111.8148964,76799.0791513
Santo Tomé,Corrientes,1527.5576258,51159.7066291,24111.8148964,76799.0791513
Santo Tomé,San Antonio de Itatí,1527.5576258,51159.7066291,24111.8148964,76799.0791513
Santo Tomé,"San Luis del Palmar
",1527.5576258,51159.7066291,24111.8148964,76799.0791513
Santo Tomé,Ituzaingó,1527.5576258,51159.7066291,24111.8148964,76799.0791513
Santo Tomé,Caá Catí,1527.5576258,51159.7066291,24111.8148964,76799.0791513
Santo Tomé,Empedrado,1527.5576258,51159.7066291,24111.8148964,76799.0791513
Santo Tomé,Mburucuyá,1527.5576258,51159.7066291,24111.8148964,76799.0791513
Santo Tomé,San Miguel,1527.5576258,51159.7066291,24111.8148964,76799.0791513
Santo Tomé,Santo Tomé,1527.5576258,0.0000000,24111.8148964,76799.0791513
Santo Tomé,Saladas,1527.5576258,0.0000000,24111.8148964,76799.0791513
Santo Tomé,Concepción,1527.5576258,0.0000000,24111.8148964,76799.0791513
Santo Tomé,Bella Vista,1527.5576258,0.0000000,24111.8148964,76799.0791513
Santo Tomé,San Roque,1527.5576258,0.0000000,24111.8148964,76799.0791513
Santo Tomé,Santa Lucía,1527.5576258,0.0000000,24111.8148964,76799.0791513
Santo Tomé,Alvear,1527.5576258,0.0000000,24111.8148964,76799.0791513
Santo Tomé,La Cruz,820.8364958,97614.7344851,1175.8230736,99611.3940544
Santo Tomé,Mercedes,820.8364958,97614.7344851,1175.8230736,99611.3940544
Santo Tomé,Goya,820.8364958,97614.7344851,1175.8230736,99611.3940544
Santo Tomé,Curuzú Cuatiá,820.8364958,97614.7344851,1175.8230736,99611.3940544
Santo Tomé,Esquina,820.8364958,97614.7344851,1175.8230736,99611.3940544
Santo Tomé,Sauce,820.8364958,97614.7344851,1175.8230736,99611.3940544
Santo Tomé,Paso de los Libres,820.8364958,97614.7344851,1175.8230736,99611.3940544
Santo Tomé,Monte Caseros,820.8364958,97614.7344851,1175.8230736,99611.3940544
Saladas,Itatí,820.8364958,97614.7344851,1175.8230736,99611.3940544
Saladas,San Cosme,820.8364958,97614.7344851,1175.8230736,99611.3940544
Saladas,Corrientes,820.8364958,97614.7344851,1175.8230736,99611.3940544
Saladas,San Antonio de Itatí,820.8364958,97614.7344851,1175.8230736,99611.3940544
Saladas,"San Luis del Palmar
",820.8364958,97614.7344851,1175.8230736,99611.3940544
Saladas,Ituzaingó,820.8364958,97614.7344851,1175.8230736,99611.3940544
Saladas,Caá Catí,4929.2963365,129017.4419967,20799.1021373,154745.8404705
Saladas,Empedrado,4929.2963365,129017.4419967,20799.1021373,154745.8404705
Saladas,Mburucuyá,4929.2963365,48127.3644388,24769.9377545,77826.5985298
Saladas,San Miguel,4929.2963365,48127.3644388,24769.9377545,77826.5985298
Saladas,Santo Tomé,4929.2963365,48127.3644388,24769.9377545,77826.5985298
Saladas,Saladas,4929.2963365,0.0000000,24769.9377545,77826.5985298
Saladas,Concepción,4929.2963365,0.0000000,24769.9377545,77826.5985298
Saladas,Bella Vista,4929.2963365,0.0000000,24769.9377545,77826.5985298
Saladas,San Roque,4929.2963365,0.0000000,24769.9377545,77826.5985298
Saladas,Santa Lucía,4929.2963365,0.0000000,24769.9377545,77826.5985298
Saladas,Alvear,4929.2963365,0.0000000,24769.9377545,77826.5985298
Saladas,La Cruz,4929.2963365,0.0000000,24769.9377545,77826.5985298
Saladas,Mercedes,4929.2963365,0.0000000,24769.9377545,77826.5985298
Saladas,Goya,4929.2963365,0.0000000,24769.9377545,77826.5985298
Saladas,Curuzú Cuatiá,4929.2963365,0.0000000,24769.9377545,77826.5985298
Saladas,Esquina,4929.2963365,0.0000000,24769.9377545,77826.5985298
Saladas,Sauce,4929.2963365,0.0000000,24769.9377545,77826.5985298
Saladas,Paso de los Libres,4929.2963365,0.0000000,24769.9377545,77826.5985298
Saladas,Monte Caseros,4929.2963365,0.0000000,24769.9377545,77826.5985298
Concepción,Itatí,4929.2963365,0.0000000,24769.9377545,77826.5985298
Concepción,San Cosme,4929.2963365,0.0000000,24769.9377545,77826.5985298
Concepción,Corrientes,4929.2963365,0.0000000,24769.9377545,77826.5985298
Concepción,San Antonio de Itatí,4929.2963365,0.0000000,24769.9377545,77826.5985298
Concepción,"San Luis del Palmar
",4929.2963365,0.0000000,24769.9377545,77826.5985298
Concepción,Ituzaingó,4929.2963365,0.0000000,24769.9377545,77826.5985298
Concepción,Caá Catí,4929.2963365,0.0000000,24769.9377545,77826.5985298
Concepción,Empedrado,4929.2963365,0.0000000,24769.9377545,77826.5985298
Concepción,Mburucuyá,4929.2963365,0.0000000,24769.9377545,77826.5985298
Concepción,San Miguel,24111.8148964,51159.7066291,1527.5576258,76799.0791513
Concepción,Santo Tomé,24111.8148964,51159.7066291,1527.5576258,76799.0791513
Concepción,Saladas,24111.8148964,51159.7066291,1527.5576258,76799.0791513
Concepción,Concepción,24111.8148964,0.0000000,1527.5576258,76799.0791513
Concepción,Bella Vista,24111.8148964,0.0000000,1527.5576258,76799.0791513
Concepción,San Roque,24111.8148964,0.0000000,1527.5576258,76799.0791513
Concepción,Santa Lucía,24111.8148964,0.0000000,1527.5576258,76799.0791513
Concepción,Alvear,24111.8148964,0.0000000,1527.5576258,76799.0791513
Concepción,La Cruz,24111.8148964,0.0000000,1527.5576258,76799.0791513
Concepción,Mercedes,24111.8148964,0.0000000,1527.5576258,76799.0791513
Concepción,Goya,24111.8148964,0.0000000,1527.5576258,76799.0791513
Concepción,Curuzú Cuatiá,24111.8148964,0.0000000,1527.5576258,76799.0791513
Concepción,Esquina,24111.8148964,0.0000000,1527.5576258,76799.0791513
Concepción,Sauce,24111.8148964,0.0000000,1527.5576258,76799.0791513
Concepción,Paso de los Libres,24111.8148964,0.0000000,1527.5576258,76799.0791513
Concepción,Monte Caseros,24111.8148964,0.0000000,1527.5576258,76799.0791513
Bella Vista,Itatí,24111.8148964,0.0000000,1527.5576258,76799.0791513
Bella Vista,San Cosme,24111.8148964,0.0000000,1527.5576258,76799.0791513
Bella Vista,Corrientes,24111.8148964,0.0000000,1527.5576258,76799.0791513
Bella Vista,San Antonio de Itatí,24111.8148964,0.0000000,1527.5576258,76799.0791513
Bella Vista,"San Luis del Palmar
",24111.8148964,0.0000000,1527.5576258,76799.0791513
Bella Vista,Ituzaingó,24111.8148964,0.0000000,1527.5576258,76799.0791513
Bella Vista,Caá Catí,24111.8148964,0.0000000,1527.5576258,76799.0791513
Bella Vista,Empedrado,24111.8148964,0.0000000,1527.5576258,76799.0791513
Bella Vista,Mburucuyá,24111.8148964,0.0000000,1527.5576258,76799.0791513
Bella Vista,San Miguel,24111.8148964,0.0000000,1527.5576258,76799.0791513
Bella Vista,Santo Tomé,24111.8148964,0.0000000,1527.5576258,76799.0791513
Bella Vista,Saladas,24111.8148964,0.0000000,1527.5576258,76799.0791513
Bella Vista,Concepción,24111.8148964,0.0000000,1527.5576258,76799.0791513
Bella Vista,Bella Vista,24111.8148964,0.0000000,1527.5576258,76799.0791513
Bella Vista,San Roque,24111.8148964,0.0000000,1527.5576258,76799.0791513
Bella Vista,Santa Lucía,24111.8148964,0.0000000,1527.5576258,76799.0791513
Bella Vista,Alvear,24111.8148964,0.0000000,1527.5576258,76799.0791513
Bella Vista,La Cruz,24111.8148964,0.0000000,1527.5576258,76799.0791513
Bella Vista,Mercedes,24111.8148964,0.0000000,1527.5576258,76799.0791513
Bella Vista,Goya,24111.8148964,0.0000000,1527.5576258,76799.0791513
Bella Vista,Curuzú Cuatiá,24111.8148964,0.0000000,1527.5576258,76799.0791513
Bella Vista,Esquina,24111.8148964,0.0000000,1527.5576258,76799.0791513
Bella Vista,Sauce,24111.8148964,0.0000000,1527.5576258,76799.0791513
Bella Vista,Paso de los Libres,24111.8148964,0.0000000,1527.5576258,76799.0791513
Bella Vista,Monte Caseros,24111.8148964,0.0000000,1527.5576258,76799.0791513
San Roque,Itatí,24111.8148964,0.0000000,1527.5576258,76799.0791513
San Roque,San Cosme,24111.8148964,0.0000000,1527.5576258,76799.0791513
San Roque,Corrientes,3237.7114814,126736.2753679,661.3488328,130635.3356821
San Roque,San Antonio de Itatí,3237.7114814,264304.0374355,6149.4889826,273691.2378995
San Roque,"San Luis del Palmar
",3237.7114814,154007.0280939,15395.6224774,172640.3620527
San Roque,Ituzaingó,3237.7114814,352488.9021194,2347.1649342,358073.7785350
San Roque,Caá Catí,3237.7114814,352488.9021194,2347.1649342,358073.7785350
San Roque,Empedrado,3237.7114814,74475.7185346,2558.5208338,80271.9508497
San Roque,Mburucuyá,3237.7114814,74475.7185346,2558.5208338,80271.9508497
San Roque,San Miguel,3237.7114814,74475.7185346,2558.5208338,80271.9508497
San Roque,Santo Tomé,3237.7114814,74475.7185346,2558.5208338,80271.9508497
San Roque,Saladas,3237.7114814,74475.7185346,2558.5208338,80271.9508497
San Roque,Concepción,3237.7114814,74475.7185346,2558.5208338,80271.9508497
San Roque,Bella Vista,3237.7114814,74475.7185346,2558.5208338,80271.9508497
San Roque,San Roque,3237.7114814,0.0000000,2558.5208338,80271.9508497
San Roque,Santa Lucía,3237.7114814,0.0000000,2558.5208338,80271.9508497
San Roque,Alvear,3237.7114814,0.0000000,2558.5208338,80271.9508497
San Roque,La Cruz,3237.7114814,0.0000000,2558.5208338,80271.9508497
San Roque,Mercedes,3237.7114814,0.0000000,2558.5208338,80271.9508497
San Roque,Goya,3237.7114814,107467.3676333,17.2787801,110722.3578948
San Roque,Curuzú Cuatiá,3237.7114814,107467.3676333,17.2787801,110722.3578948
San Roque,Esquina,3237.7114814,216597.0213646,2500.0366667,222334.7695127
San Roque,Sauce,3237.7114814,617033.3516317,51309.5481680,671580.6112811
San Roque,Paso de los Libres,3237.7114814,617033.3516317,51309.5481680,671580.6112811
San Roque,Monte Caseros,3237.7114814,617033.3516317,51309.5481680,671580.6112811
Santa Lucía,Itatí,3237.7114814,617033.3516317,51309.5481680,671580.6112811
Santa Lucía,San Cosme,3237.7114814,617033.3516317,51309.5481680,671580.6112811
Santa Lucía,Corrientes,3237.7114814,617033.3516317,51309.5481680,671580.6112811
Santa Lucía,San Antonio de Itatí,3237.7114814,617033.3516317,51309.5481680,671580.6112811
Santa Lucía,"San Luis del Palmar
",3237.7114814,617033.3516317,51309.5481680,671580.6112811
Santa Lucía,Ituzaingó,3237.7114814,617033.3516317,51309.5481680,671580.6112811
Santa Lucía,Caá Catí,3237.7114814,617033.3516317,51309.5481680,671580.6112811
Santa Lucía,Empedrado,3237.7114814,617033.3516317,51309.5481680,671580.6112811
Santa Lucía,Mburucuyá,3237.7114814,617033.3516317,51309.5481680,671580.6112811
Santa Lucía,San Miguel,3237.7114814,617033.3516317,51309.5481680,671580.6112811
Santa Lucía,Santo Tomé,3237.7114814,617033.3516317,51309.5481680,671580.6112811
Santa Lucía,Saladas,3237.7114814,617033.3516317,51309.5481680,671580.6112811
Santa Lucía,Concepción,3237.7114814,617033.3516317,51309.5481680,671580.6112811
Santa Lucía,Bella Vista,3237.7114814,617033.3516317,51309.5481680,671580.6112811
Santa Lucía,San Roque,3237.7114814,617033.3516317,51309.5481680,671580.6112811
Santa Lucía,Santa Lucía,3237.7114814,0.0000000,51309.5481680,671580.6112811
Santa Lucía,Alvear,3237.7114814,0.0000000,51309.5481680,671580.6112811
Santa Lucía,La Cruz,3237.7114814,0.0000000,51309.5481680,671580.6112811
Santa Lucía,Mercedes,21585.1134511,108203.9846415,1031.7978299,130820.8959225
Santa Lucía,Goya,21585.1134511,108203.9846415,1031.7978299,130820.8959225
Santa Lucía,Curuzú Cuatiá,21585.1134511,108203.9846415,1031.7978299,130820.8959225
Santa Lucía,Esquina,21585.1134511,108203.9846415,1031.7978299,130820.8959225
Santa Lucía,Sauce,21585.1134511,108203.9846415,1031.7978299,130820.8959225
Santa Lucía,Paso de los Libres,21585.1134511,108203.9846415,1031.7978299,130820.8959225
Santa Lucía,Monte Caseros,21585.1134511,108203.9846415,1031.7978299,130820.8959225
Alvear,Itatí,21585.1134511,108203.9846415,1031.7978299,130820.8959225
Alvear,San Cosme,21585.1134511,108203.9846415,1031.7978299,130820.8959225
Alvear,Corrientes,21585.1134511,108203.9846415,1031.7978299,130820.8959225
Alvear,San Antonio de Itatí,21585.1134511,108203.9846415,1031.7978299,130820.8959225
Alvear,"San Luis del Palmar
",21585.1134511,108203.9846415,1031.7978299,130820.8959225
Alvear,Ituzaingó,21585.1134511,108203.9846415,1031.7978299,130820.8959225
Alvear,Caá Catí,21585.1134511,108203.9846415,1031.7978299,130820.8959225
Alvear,Empedrado,21585.1134511,108203.9846415,1031.7978299,130820.8959225
Alvear,Mburucuyá,21585.1134511,108203.9846415,1031.7978299,130820.8959225
Alvear,San Miguel,21585.1134511,108203.9846415,1031.7978299,130820.8959225
Alvear,Santo Tomé,21585.1134511,108203.9846415,1031.7978299,130820.8959225
Alvear,Saladas,21585.1134511,108203.9846415,1031.7978299,130820.8959225
Alvear,Concepción,21585.1134511,108203.9846415,1031.7978299,130820.8959225
Alvear,Bella Vista,21585.1134511,108203.9846415,1031.7978299,130820.8959225
Alvear,San Roque,21585.1134511,108203.9846415,1031.7978299,130820.8959225
Alvear,Santa Lucía,21585.1134511,108203.9846415,1031.7978299,130820.8959225
Alvear,Alvear,21585.1134511,0.0000000,1031.7978299,130820.8959225
Alvear,La Cruz,21585.1134511,0.0000000,1031.7978299,130820.8959225
Alvear,Mercedes,21585.1134511,0.0000000,1031.7978299,130820.8959225
Alvear,Goya,21585.1134511,0.0000000,1031.7978299,130820.8959225
Alvear,Curuzú Cuatiá,21585.1134511,0.0000000,1031.7978299,130820.8959225
Alvear,Esquina,21585.1134511,0.0000000,1031.7978299,130820.8959225
Alvear,Sauce,21585.1134511,0.0000000,1031.7978299,130820.8959225
Alvear,Paso de los Libres,21585.1134511,0.0000000,1031.7978299,130820.8959225
Alvear,Monte Caseros,857.1073593,170505.0422727,24443.5263662,195805.6759982
La Cruz,Itatí,857.1073593,170505.0422727,24443.5263662,195805.6759982
La Cruz,San Cosme,857.1073593,170505.0422727,24443.5263662,195805.6759982
La Cruz,Corrientes,857.1073593,170505.0422727,24443.5263662,195805.6759982
La Cruz,San Antonio de Itatí,857.1073593,170505.0422727,24443.5263662,195805.6759982
La Cruz,"San Luis del Palmar
",857.1073593,170505.0422727,24443.5263662,195805.6759982
La Cruz,Ituzaingó,857.1073593,170505.0422727,24443.5263662,195805.6759982
La Cruz,Caá Catí,857.1073593,170505.0422727,24443.5263662,195805.6759982
La Cruz,Empedrado,857.1073593,170505.0422727,24443.5263662,195805.6759982
La Cruz,Mburucuyá,857.1073593,170505.0422727,24443.5263662,195805.6759982
La Cruz,San Miguel,857.1073593,170505.0422727,24443.5263662,195805.6759982
La Cruz,Santo Tomé,1175.8230736,97614.7344851,820.8364958,99611.3940544
La Cruz,Saladas,1175.8230736,97614.7344851,820.8364958,99611.3940544
La Cruz,Concepción,1175.8230736,97614.7344851,820.8364958,99611.3940544
La Cruz,Bella Vista,1175.8230736,97614.7344851,820.8364958,99611.3940544
La Cruz,San Roque,1175.8230736,97614.7344851,820.8364958,99611.3940544
La Cruz,Santa Lucía,1175.8230736,97614.7344851,820.8364958,99611.3940544
La Cruz,Alvear,1175.8230736,97614.7344851,820.8364958,99611.3940544
La Cruz,La Cruz,1175.8230736,0.0000000,820.8364958,99611.3940544
La Cruz,Mercedes,1175.8230736,0.0000000,820.8364958,99611.3940544
La Cruz,Goya,1175.8230736,0.0000000,820.8364958,99611.3940544
La Cruz,Curuzú Cuatiá,1175.8230736,0.0000000,820.8364958,99611.3940544
La Cruz,Esquina,1175.8230736,0.0000000,820.8364958,99611.3940544
La Cruz,Sauce,1175.8230736,0.0000000,820.8364958,99611.3940544
La Cruz,Paso de los Libres,1175.8230736,0.0000000,820.8364958,99611.3940544
La Cruz,Monte Caseros,1175.8230736,0.0000000,820.8364958,99611.3940544
Mercedes,Itatí,1175.8230736,0.0000000,820.8364958,99611.3940544
Mercedes,San Cosme,1175.8230736,0.0000000,820.8364958,99611.3940544
Mercedes,Corrientes,1175.8230736,0.0000000,820.8364958,99611.3940544
Mercedes,San Antonio de Itatí,1175.8230736,0.0000000,820.8364958,99611.3940544
Mercedes,"San Luis del Palmar
",1175.8230736,0.0000000,820.8364958,99611.3940544
Mercedes,Ituzaingó,1175.8230736,0.0000000,820.8364958,99611.3940544
Mercedes,Caá Catí,1175.8230736,0.0000000,820.8364958,99611.3940544
Mercedes,Empedrado,1175.8230736,0.0000000,820.8364958,99611.3940544
Mercedes,Mburucuyá,1175.8230736,0.0000000,820.8364958,99611.3940544
Mercedes,San Miguel,1175.8230736,0.0000000,820.8364958,99611.3940544
Mercedes,Santo Tomé,1175.8230736,0.0000000,820.8364958,99611.3940544
Mercedes,Saladas,1175.8230736,0.0000000,820.8364958,99611.3940544
Mercedes,Concepción,1175.8230736,0.0000000,820.8364958,99611.3940544
Mercedes,Bella Vista,1175.8230736,0.0000000,820.8364958,99611.3940544
Mercedes,San Roque,1175.8230736,0.0000000,820.8364958,99611.3940544
Mercedes,Santa Lucía,1031.7978299,108203.9846415,21585.1134511,130820.8959225
Mercedes,Alvear,1031.7978299,108203.9846415,21585.1134511,130820.8959225
Mercedes,La Cruz,1031.7978299,108203.9846415,21585.1134511,130820.8959225
Mercedes,Mercedes,1031.7978299,0.0000000,21585.1134511,130820.8959225
Mercedes,Goya,1031.7978299,0.0000000,21585.1134511,130820.8959225
Mercedes,Curuzú Cuatiá,1031.7978299,0.0000000,21585.1134511,130820.8959225
Mercedes,Esquina,1031.7978299,0.0000000,21585.1134511,130820.8959225
Mercedes,Sauce,1031.7978299,0.0000000,21585.1134511,130820.8959225
Mercedes,Paso de los Libres,1031.7978299,0.0000000,21585.1134511,130820.8959225
Mercedes,Monte Caseros,1031.7978299,0.0000000,21585.1134511,130820.8959225
Goya,Itatí,1031.7978299,0.0000000,21585.1134511,130820.8959225
Goya,San Cosme,1031.7978299,0.0000000,21585.1134511,130820.8959225
Goya,Corrientes,17.2787801,234203.6430013,661.3488328,234882.2706142
Goya,San Antonio de Itatí,17.2787801,371771.4050688,6149.4889826,377938.1728316
Goya,"San Luis del Palmar
",17.2787801,261474.3957272,15395.6224774,276887.2969848
Goya,Ituzaingó,17.2787801,459956.2697527,2347.1649342,462320.7134671
Goya,Caá Catí,17.2787801,459956.2697527,2347.1649342,462320.7134671
Goya,Empedrado,17.2787801,181943.0861679,2558.5208338,184518.8857818
Goya,Mburucuyá,17.2787801,181943.0861679,2558.5208338,184518.8857818
Goya,San Miguel,17.2787801,181943.0861679,2558.5208338,184518.8857818
Goya,Santo Tomé,17.2787801,181943.0861679,2558.5208338,184518.8857818
Goya,Saladas,17.2787801,181943.0861679,2558.5208338,184518.8857818
Goya,Concepción,17.2787801,181943.0861679,2558.5208338,184518.8857818
Goya,Bella Vista,17.2787801,181943.0861679,2558.5208338,184518.8857818
Goya,San Roque,17.2787801,107467.3676333,3237.7114814,110722.3578948
Goya,Santa Lucía,17.2787801,107467.3676333,3237.7114814,110722.3578948
Goya,Alvear,17.2787801,107467.3676333,3237.7114814,110722.3578948
Goya,La Cruz,17.2787801,107467.3676333,3237.7114814,110722.3578948
Goya,Mercedes,17.2787801,107467.3676333,3237.7114814,110722.3578948
Goya,Goya,17.2787801,0.0000000,3237.7114814,110722.3578948
Goya,Curuzú Cuatiá,17.2787801,0.0000000,3237.7114814,110722.3578948
Goya,Esquina,17.2787801,109129.6537313,2500.0366667,111646.9691781
Goya,Sauce,17.2787801,509565.9839984,51309.5481680,560892.8109465
Goya,Paso de los Libres,17.2787801,509565.9839984,51309.5481680,560892.8109465
Goya,Monte Caseros,17.2787801,509565.9839984,51309.5481680,560892.8109465
Curuzú Cuatiá,Itatí,17.2787801,509565.9839984,51309.5481680,560892.8109465
Curuzú Cuatiá,San Cosme,17.2787801,509565.9839984,51309.5481680,560892.8109465
Curuzú Cuatiá,Corrientes,17.2787801,509565.9839984,51309.5481680,560892.8109465
Curuzú Cuatiá,San Antonio de Itatí,17.2787801,509565.9839984,51309.5481680,560892.8109465
Curuzú Cuatiá,"San Luis del Palmar
",17.2787801,509565.9839984,51309.5481680,560892.8109465
Curuzú Cuatiá,Ituzaingó,17.2787801,509565.9839984,51309.5481680,560892.8109465
Curuzú Cuatiá,Caá Catí,17.2787801,509565.9839984,51309.5481680,560892.8109465
Curuzú Cuatiá,Empedrado,17.2787801,509565.9839984,51309.5481680,560892.8109465
Curuzú Cuatiá,Mburucuyá,17.2787801,509565.9839984,51309.5481680,560892.8109465
Curuzú Cuatiá,San Miguel,17.2787801,509565.9839984,51309.5481680,560892.8109465
Curuzú Cuatiá,Santo Tomé,17.2787801,509565.9839984,51309.5481680,560892.8109465
Curuzú Cuatiá,Saladas,17.2787801,509565.9839984,51309.5481680,560892.8109465
Curuzú Cuatiá,Concepción,17.2787801,509565.9839984,51309.5481680,560892.8109465
Curuzú Cuatiá,Bella Vista,17.2787801,509565.9839984,51309.5481680,560892.8109465
Curuzú Cuatiá,San Roque,17.2787801,509565.9839984,51309.5481680,560892.8109465
Curuzú Cuatiá,Santa Lucía,17.2787801,509565.9839984,51309.5481680,560892.8109465
Curuzú Cuatiá,Alvear,17.2787801,509565.9839984,51309.5481680,560892.8109465
Curuzú Cuatiá,La Cruz,17.2787801,509565.9839984,51309.5481680,560892.8109465
Curuzú Cuatiá,Mercedes,17.2787801,509565.9839984,51309.5481680,560892.8109465
Curuzú Cuatiá,Goya,17.2787801,509565.9839984,51309.5481680,560892.8109465
Curuzú Cuatiá,Curuzú Cuatiá,17.2787801,0.0000000,51309.5481680,560892.8109465
Curuzú Cuatiá,Esquina,17.2787801,0.0000000,51309.5481680,560892.8109465
Curuzú Cuatiá,Sauce,17.2787801,0.0000000,51309.5481680,560892.8109465
Curuzú Cuatiá,Paso de los Libres,17.2787801,0.0000000,51309.5481680,560892.8109465
Curuzú Cuatiá,Monte Caseros,17.2787801,0.0000000,51309.5481680,560892.8109465
Esquina,Itatí,17.2787801,0.0000000,51309.5481680,560892.8109465
Esquina,San Cosme,17.2787801,0.0000000,51309.5481680,560892.8109465
Esquina,Corrientes,2500.0366667,343333.2967325,661.3488328,346494.6822321
Esquina,San Antonio de Itatí,2500.0366667,480901.0588001,6149.4889826,489550.5844494
Esquina,"San Luis del Palmar
",2500.0366667,370604.0494585,15395.6224774,388499.7086026
Esquina,Ituzaingó,2500.0366667,569085.9234840,2347.1649342,573933.1250850
Esquina,Caá Catí,2500.0366667,569085.9234840,2347.1649342,573933.1250850
Esquina,Empedrado,2500.0366667,291072.7398992,2558.5208338,296131.2973996
Esquina,Mburucuyá,2500.0366667,291072.7398992,2558.5208338,296131.2973996
Esquina,San Miguel,2500.0366667,291072.7398992,2558.5208338,296131.2973996
Esquina,Santo Tomé,2500.0366667,291072.7398992,2558.5208338,296131.2973996
Esquina,Saladas,2500.0366667,291072.7398992,2558.5208338,296131.2973996
Esquina,Concepción,2500.0366667,291072.7398992,2558.5208338,296131.2973996
Esquina,Bella Vista,2500.0366667,291072.7398992,2558.5208338,296131.2973996
Esquina,San Roque,2500.0366667,216597.0213646,3237.7114814,222334.7695127
Esquina,Santa Lucía,2500.0366667,216597.0213646,3237.7114814,222334.7695127
Esquina,Alvear,2500.0366667,216597.0213646,3237.7114814,222334.7695127
Esquina,La Cruz,2500.0366667,216597.0213646,3237.7114814,222334.7695127
Esquina,Mercedes,2500.0366667,216597.0213646,3237.7114814,222334.7695127
Esquina,Goya,2500.0366667,109129.6537313,17.2787801,111646.9691781
Esquina,Curuzú Cuatiá,2500.0366667,109129.6537313,17.2787801,111646.9691781
Esquina,Esquina,2500.0366667,0.0000000,17.2787801,111646.9691781
Esquina,Sauce,2500.0366667,400436.3302671,51309.5481680,454245.9151019
Esquina,Paso de los Libres,2500.0366667,400436.3302671,51309.5481680,454245.9151019
Esquina,Monte Caseros,2500.0366667,400436.3302671,51309.5481680,454245.9151019
Sauce,Itatí,2500.0366667,400436.3302671,51309.5481680,454245.9151019
Sauce,San Cosme,2500.0366667,400436.3302671,51309.5481680,454245.9151019
Sauce,Corrientes,51309.5481680,743769.6269996,661.3488328,795740.5240005
Sauce,San Antonio de Itatí,51309.5481680,881337.3890672,6149.4889826,938796.4262178
Sauce,"San Luis del Palmar
",51309.5481680,771040.3797256,15395.6224774,837745.5503711
Sauce,Ituzaingó,51309.5481680,969522.2537511,2347.1649342,1023178.9668534
Sauce,Caá Catí,51309.5481680,969522.2537511,2347.1649342,1023178.9668534
Sauce,Empedrado,51309.5481680,691509.0701663,2558.5208338,745377.1391681
Sauce,Mburucuyá,51309.5481680,691509.0701663,2558.5208338,745377.1391681
Sauce,San Miguel,51309.5481680,691509.0701663,2558.5208338,745377.1391681
Sauce,Santo Tomé,51309.5481680,691509.0701663,2558.5208338,745377.1391681
Sauce,Saladas,51309.5481680,691509.0701663,2558.5208338,745377.1391681
Sauce,Concepción,51309.5481680,691509.0701663,2558.5208338,745377.1391681
Sauce,Bella Vista,51309.5481680,691509.0701663,2558.5208338,745377.1391681
Sauce,San Roque,51309.5481680,617033.3516317,3237.7114814,671580.6112811
Sauce,Santa Lucía,51309.5481680,617033.3516317,3237.7114814,671580.6112811
Sauce,Alvear,51309.5481680,617033.3516317,3237.7114814,671580.6112811
Sauce,La Cruz,51309.5481680,617033.3516317,3237.7114814,671580.6112811
Sauce,Mercedes,51309.5481680,617033.3516317,3237.7114814,671580.6112811
Sauce,Goya,51309.5481680,509565.9839984,17.2787801,560892.8109465
Sauce,Curuzú Cuatiá,51309.5481680,509565.9839984,17.2787801,560892.8109465
Sauce,Esquina,51309.5481680,400436.3302671,2500.0366667,454245.9151019
Sauce,Sauce,51309.5481680,0.0000000,2500.0366667,454245.9151019
Sauce,Paso de los Libres,51309.5481680,0.0000000,2500.0366667,454245.9151019
Sauce,Monte Caseros,51309.5481680,0.0000000,2500.0366667,454245.9151019
Paso de los Libres,Itatí,51309.5481680,0.0000000,2500.0366667,454245.9151019
Paso de los Libres,San Cosme,51309.5481680,0.0000000,2500.0366667,454245.9151019
Paso de los Libres,Corrientes,51309.5481680,0.0000000,2500.0366667,454245.9151019
Paso de los Libres,San Antonio de Itatí,51309.5481680,0.0000000,2500.0366667,454245.9151019
Paso de los Libres,"San Luis del Palmar
",51309.5481680,0.0000000,2500.0366667,454245.9151019
Paso de los Libres,Ituzaingó,51309.5481680,0.0000000,2500.0366667,454245.9151019
Paso de los Libres,Caá Catí,51309.5481680,0.0000000,2500.0366667,454245.9151019
Paso de los Libres,Empedrado,51309.5481680,0.0000000,2500.0366667,454245.9151019
Paso de los Libres,Mburucuyá,51309.5481680,0.0000000,2500.0366667,454245.9151019
Paso de los Libres,San Miguel,51309.5481680,0.0000000,2500.0366667,454245.9151019
Paso de los Libres,Santo Tomé,51309.5481680,0.0000000,2500.0366667,454245.9151019
Paso de los Libres,Saladas,51309.5481680,0.0000000,2500.0366667,454245.9151019
Paso de los Libres,Concepción,51309.5481680,0.0000000,2500.0366667,454245.9151019
Paso de los Libres,Bella Vista,51309.5481680,0.0000000,2500.0366667,454245.9151019
Paso de los Libres,San Roque,51309.5481680,0.0000000,2500.0366667,454245.9151019
Paso de los Libres,Santa Lucía,51309.5481680,0.0000000,2500.0366667,454245.9151019
Paso de los Libres,Alvear,51309.5481680,0.0000000,2500.0366667,454245.9151019
Paso de los Libres,La Cruz,51309.5481680,0.0000000,2500.0366667,454245.9151019
Paso de los Libres,Mercedes,51309.5481680,0.0000000,2500.0366667,454245.9151019
Paso de los Libres,Goya,51309.5481680,0.0000000,2500.0366667,454245.9151019
Paso de los Libres,Curuzú Cuatiá,51309.5481680,0.0000000,2500.0366667,454245.9151019
Paso de los Libres,Esquina,51309.5481680,0.0000000,2500.0366667,454245.9151019
Paso de los Libres,Sauce,51309.5481680,0.0000000,2500.0366667,454245.9151019
Paso de los Libres,Paso de los Libres,51309.5481680,0.0000000,2500.0366667,454245.9151019
Paso de los Libres,Monte Caseros,51309.5481680,0.0000000,2500.0366667,454245.9151019
Monte Caseros,Itatí,51309.5481680,0.0000000,2500.0366667,454245.9151019
Monte Caseros,San Cosme,51309.5481680,0.0000000,2500.0366667,454245.9151019
Monte Caseros,Corrientes,51309.5481680,0.0000000,2500.0366667,454245.9151019
Monte Caseros,San Antonio de Itatí,51309.5481680,0.0000000,2500.0366667,454245.9151019
Monte Caseros,"San Luis del Palmar
",51309.5481680,0.0000000,2500.0366667,454245.9151019
Monte Caseros,Ituzaingó,51309.5481680,0.0000000,2500.0366667,454245.9151019
Monte Caseros,Caá Catí,51309.5481680,0.0000000,2500.0366667,454245.9151019
Monte Caseros,Empedrado,51309.5481680,0.0000000,2500.0366667,454245.9151019
Monte Caseros,Mburucuyá,51309.5481680,0.0000000,2500.0366667,454245.9151019
Monte Caseros,San Miguel,51309.5481680,0.0000000,2500.0366667,454245.9151019
Monte Caseros,Santo Tomé,51309.5481680,0.0000000,2500.0366667,454245.9151019
Monte Caseros,Saladas,51309.5481680,0.0000000,2500.0366667,454245.9151019
Monte Caseros,Concepción,51309.5481680,0.0000000,2500.0366667,454245.9151019
Monte Caseros,Bella Vista,51309.5481680,0.0000000,2500.0366667,454245.9151019
Monte Caseros,San Roque,51309.5481680,0.0000000,2500.0366667,454245.9151019
Monte Caseros,Santa Lucía,51309.5481680,0.0000000,2500.0366667,454245.9151019
Monte Caseros,Alvear,24443.5263662,170505.0422727,857.1073593,195805.6759982
Monte Caseros,La Cruz,24443.5263662,170505.0422727,857.1073593,195805.6759982
Monte Caseros,Mercedes,24443.5263662,170505.0422727,857.1073593,195805.6759982
Monte Caseros,Goya,24443.5263662,170505.0422727,857.1073593,195805.6759982
Monte Caseros,Curuzú Cuatiá,24443.5263662,170505.0422727,857.1073593,195805.6759982
Monte Caseros,Esquina,24443.5263662,170505.0422727,857.1073593,195805.6759982
Monte Caseros,Sauce,24443.5263662,170505.0422727,857.1073593,195805.6759982
Monte Caseros,Paso de los Libres,24443.5263662,170505.0422727,857.1073593,195805.6759982
Monte Caseros,Monte Caseros,24443.5263662,0.0000000,857.1073593,195805.6759982
